﻿USE [Nova_Poshta];
GO

INSERT INTO [order]
					([id],
					[shipment_type_id],
					[tracking_number] ,
					[departure_warehouse_id] ,
					[destination_warehouse_id] ,
					[sender_id] ,
					[reciever_id] ,
					[payer_id] ,
					[took_order_employee_id] ,
					[gave_out_order_employee_id] ,
					[carrier_id] ,
					[receiving_date] ,
					[arriving_date] ,
					[gave_out_date] ,
					[order_cost] ,
					[weight] ,
					[is_reversed] )
VALUES
					(1,1,123456789,3,6,1,2,1,1,4,2,'2012-02-15','2012-02-19','2012-02-20',50.00,3.5,'false'),
					(2,4,234567891,4,7,2,3,3,1,4,2,'2012-03-17','2012-03-18','2009-03-20',50.00,3.5,'false'),
					(3,1,345678912,5,8,3,4,3,1,4,2,'2014-06-04','2014-06-19','2014-06-20',50.00,3.5,'false'),
					(4,1,456789123,6,9,5,6,6,1,4,2,'2015-02-21','2015-02-24','2015-02-24',50.00,3.5,'false'),
					(5,3,567891234,7,1,6,7,6,1,4,2,'2015-03-11','2015-03-14','2015-03-14',60.00,4.5,'false'),
					(6,7,678912345,8,2,7,8,8,1,4,2,'2015-04-14','2015-04-18','2015-04-20',50.00,3.5,'false'),
					(7,1,789123456,9,3,8,9,9,1,4,2,'2015-06-14','2015-06-18','2015-06-20',50.00,3.5,'false'),
					(8,1,891234567,1,4,9,1,1,1,4,2,'2015-08-14','2015-08-18','2015-08-18',50.00,3.5,'false'),
					(9,8,912345678,2,5,1,4,4,1,4,2,'2015-09-14','2015-09-18','2015-09-18',70.00,5.5,'false'),
					(10,2,192345678,3,7,1,5,5,1,4,2,'2015-10-14','2015-10-18','2015-10-18',50.00,3.5,'true'),
					(11,3,182345678,4,8,1,6,1,1,4,2,'2015-11-14','2015-11-18','2015-11-18',50.00,3.5,'false'),
					(12,7,172345678,5,9,1,7,1,1,4,2,'2015-12-14','2015-12-18','2015-12-18',40.00,3.5,'false'),
					(13,6,162345678,6,1,1,8,1,1,4,2,'2015-08-14','2015-08-18','2015-08-18',50.00,3.5,'false'),
					(14,2,152345678,7,2,2,4,4,1,4,2,'2015-08-14','2015-08-18','2015-08-18',50.00,3.5,'false'),
					(15,7,142345678,8,3,3,5,5,1,4,2,'2015-08-14','2015-08-18','2015-08-18',60.00,4.5,'false'),
					(16,4,132345678,9,4,3,2,3,1,4,2,'2015-08-14','2015-08-18','2015-08-18',50.00,3.5,'true'),
					(17,4,122345678,1,5,6,8,6,1,4,2,'2015-08-14','2015-08-18','2015-08-18',50.00,3.5,'false'),
					(18,8,871123456,2,6,4,2,4,1,4,2,'2015-08-14','2015-08-18','2015-08-18',60.00,4.5,'false'),
					(19,8,187234567,3,8,1,2,1,1,4,2,'2015-08-14','2015-08-18','2015-08-18',50.00,3.5,'false'),
					(20,1,128734567,4,9,1,2,1,1,4,2,'2015-08-14','2015-08-18','2015-08-18',45.00,2.5,'false')
GO

INSERT INTO [city]
			([city_id],
			 [city_text],
			 [city_region_id],
			 [city_district_id],
			 [country_id],
			 [transport_area_id],
			 [city_before_decomunization]
			 )
VALUES
			(1,'Львів',1,1,1,1,NULL),
			(2,'Київ',2,2,1,2,NULL),
			(3,'Дніпро',3,3,1,3,'Дніпропетровськ'),
			(4,'Харків',4,4,1,4,NULL),
			(5,'Одеса',5,5,1,5,NULL),
			(6,'Городок',1,6,1,1,NULL),
			(7,'Стрий',1,7,1,1,NULL),
			(8,'Дубно',6,8,1,6,NULL),
			(9,'Черкаси',7,9,1,7,NULL),
			(10,'Умань',7,10,1,7,NULL)

GO

INSERT INTO [city_region]
			([id],
			 [city_region]
			 )
VALUES
			(1,'Львівська'),
			(2,'Київська'),
			(3,'Дніпропетровська'),
			(4,'Харківська'),
			(5,'Одеська'),
			(6,'Рівенська'),
			(7,'Черкаська'),
			(8,'Чернівецька'),
			(9,'Чернігівська'),
			(10,'Сумська')
GO

INSERT INTO [city_district]
			([id],
			 [city_district]
			 )
VALUES
			(1,'Залізничний'),
			(2,'Дарницький'),
			(3,'Шевченківський'),
			(4,'Слобідський'),
			(5,'Приморський'),
			(6,'Городоцький'),
			(7,'Стрийський'),
			(8,'Дубенський'),
			(9,'Південний'),
			(10,'Уманський')
GO

INSERT INTO [country]
			([id],
			 [country]
			 )
VALUES
			(1,'Україна'),
			(2,'Білорусія'),
			(3,'Молдова'),
			(4,'Литва'),
			(5,'Латвія'),
			(6,'Естонія'),
			(7,'Польща'),
			(8,'Словаччина'),
			(9,'Угорщина'),
			(10,'Болгарія')
GO


INSERT INTO [transport_area]
			([id],
			 [transport_area]
			 )
VALUES
			(1,1301),
			(2,2600),
			(3,0401),
			(4,2001),
			(5,1501),
			(6,1304),
			(7,1302),
			(8,1703),
			(9,2301),
			(10,2304)
GO