﻿USE Nova_Poshta;

INSERT INTO warehouse(id, city_id, number_within_city, street_name, street_number, 
                      postal_code, location_cordinate, telephone_number, email,
					  open_date, close_date, head_id, warehouse_type, weight_limitation,
					  office_area, workstation_number, monthly_rent)
VALUES
					 (1,1,1,'Городоцька','356',
					 '89000','35.0204,56.0424','+380975683995','nova_poshta_1@np.ua',
					 '20080211',NULL,NULL,'Вантажне',NULL,
					  24,3,NULL),

					  (2,1,2,'Пластова','7',
					 '89002','35.0704,56.0824','+380975463666','nova_poshta_2@np.ua',
					 '20090711',NULL,NULL,'Поштове',35,
					  30,2,NULL),

					  (3,2,1,'Вишнева','11',
					 '45050','36.0204,51.0424','+380975683965','nova_poshta_3@np.ua',
					 '20080711',NULL,NULL,'Вантажне',NULL,
					  15,3,12000),

					  (4,3,5,'Перемоги','141',
					 '34400','32.0204,56.0224','+380975683925',NULL,
					 '20100911',NULL,NULL,'Вантажне',NULL,
					  24,3,NULL),

					  (5,4,4,'Шевченка','23',
					 '53020','31.0204,55.0424','+380975663995','nova_poshta_6@np.ua',
					 '20150221',NULL,NULL,'Поштове',20,
					  29,1,5000),

					  (6,5,1,'Лесі Українки','1',
					 '89430','37.0204,56.0424','+380975686995','nova_poshta_7@np.ua',
					 '20120211',NULL,NULL,'Вантажне',NULL,
					  20,4,NULL),

					  (7,6,2,'Липова','15',
					 '19400','36.4204,55.0324','+380978683995','nova_poshta_8@np.ua',
					 '20081211',NULL,NULL,'Поштове',15,
					  15,2,7500),

					  (8,7,1,'Торецька','2',
					 '23453','35.1244,54.0324','+380973464222','nova_poshta_9@np.ua',
					 '20130611',NULL,NULL,'Вантажне',NULL,
					  30,3,NULL),

					  (9,8,1,'Вахули','45',
					 '45221','34.0504,52.0624','+380975684995',NULL,
					 '20120614',NULL,NULL,'Поштове',40,
					  11,2,NULL),

					  (10,9,3,'Різніченка','34',
					 '64221','36.0304,54.0524','+380975687995',NULL,
					 '20080211',NULL,NULL,'Вантажне',NULL,
					  24,5,11000);
GO

INSERT INTO schedule(warehouse_id,[weekday],schedule_type,open_time,close_time)
VALUES
					(1,1,'Видача','08:00','17:00'),
					(1,2,'Видача','08:00','17:00'),
					(1,3,'Видача','08:00','17:00'),
					(1,4,'Видача','08:00','17:00'),
					(1,5,'Видача','08:00','17:00'),
					(1,1,'Прийом','10:00','18:00'),
					(1,2,'Прийом','10:00','18:00'),
					(1,3,'Прийом','10:00','18:00'),
					(1,4,'Прийом','10:00','18:00'),
					(1,5,'Прийом','10:00','18:00'),

					(2,1,'Видача','08:00','17:00'),
					(2,2,'Видача','08:00','17:00'),
					(2,3,'Видача','08:00','17:00'),
					(2,4,'Видача','08:00','17:00'),
					(2,5,'Видача','08:00','17:00'),
					(2,1,'Прийом','10:00','18:00'),
					(2,2,'Прийом','10:00','18:00'),
					(2,3,'Прийом','10:00','18:00'),
					(2,4,'Прийом','10:00','18:00'),
					(2,5,'Прийом','10:00','18:00'),

					(3,1,'Видача','09:00','19:00'),
					(3,2,'Видача','09:00','19:00'),
					(3,3,'Видача','09:00','19:00'),
					(3,4,'Видача','09:00','19:00'),
					(3,5,'Видача','09:00','19:00'),
					(3,1,'Прийом','10:00','20:00'),
					(3,2,'Прийом','10:00','20:00'),
					(3,3,'Прийом','10:00','20:00'),
					(3,4,'Прийом','10:00','20:00'),
					(3,5,'Прийом','10:00','20:00'),

					(4,1,'Видача','08:00','17:00'),
					(4,2,'Видача','08:00','17:00'),
					(4,3,'Видача','08:00','17:00'),
					(4,4,'Видача','08:00','17:00'),
					(4,5,'Видача','08:00','17:00'),
					(4,1,'Прийом','10:00','18:00'),
					(4,2,'Прийом','10:00','18:00'),
					(4,3,'Прийом','10:00','18:00'),
					(4,4,'Прийом','10:00','18:00'),
					(4,5,'Прийом','10:00','18:00'),

					(5,1,'Видача','08:00','17:00'),
					(5,2,'Видача','08:00','17:00'),
					(5,3,'Видача','08:00','17:00'),
					(5,4,'Видача','08:00','17:00'),
					(5,5,'Видача','15:00','21:00'),
					(5,1,'Прийом','10:00','18:00'),
					(5,2,'Прийом','10:00','18:00'),
					(5,3,'Прийом','10:00','18:00'),
					(5,4,'Прийом','10:00','18:00'),
					(5,5,'Прийом','10:00','18:00'),

					(6,1,'Видача','08:00','17:00'),
					(6,2,'Видача','08:00','17:00'),
					(6,3,'Видача','08:00','17:00'),
					(6,4,'Видача','08:00','17:00'),
					(6,5,'Видача','08:00','17:00'),
					(6,1,'Прийом','10:00','18:00'),
					(6,2,'Прийом','10:00','18:00'),
					(6,3,'Прийом','12:00','20:00'),
					(6,4,'Прийом','10:00','18:00'),
					(6,5,'Прийом','10:00','18:00'),

					(7,1,'Видача','08:00','17:00'),
					(7,2,'Видача','08:00','17:00'),
					(7,3,'Видача','08:00','17:00'),
					(7,4,'Видача','08:00','17:00'),
					(7,5,'Видача','08:00','17:00'),
					(7,1,'Прийом','10:00','18:00'),
					(7,2,'Прийом','10:00','18:00'),
					(7,3,'Прийом','10:00','18:00'),
					(7,4,'Прийом','10:00','18:00'),
					(7,5,'Прийом','10:00','18:00'),

					(8,1,'Видача','08:00','17:00'),
					(8,2,'Видача','08:00','17:00'),
					(8,3,'Видача','08:00','17:00'),
					(8,4,'Видача','08:00','17:00'),
					(8,5,'Видача','08:00','17:00'),
					(8,1,'Прийом','10:00','18:00'),
					(8,2,'Прийом','10:00','18:00'),
					(8,3,'Прийом','10:00','18:00'),
					(8,4,'Прийом','10:00','18:00'),
					(8,5,'Прийом','10:00','18:00'),

					(9,1,'Видача','08:00','17:00'),
					(9,2,'Видача','08:00','17:00'),
					(9,3,'Видача','08:00','17:00'),
					(9,4,'Видача','08:00','17:00'),
					(9,5,'Видача','08:00','17:00'),
					(9,1,'Прийом','10:00','18:00'),
					(9,2,'Прийом','11:00','18:00'),
					(9,3,'Прийом','10:00','18:00'),
					(9,4,'Прийом','10:00','18:00'),
					(9,5,'Прийом','10:00','18:00'),

					(10,1,'Видача','08:00','17:00'),
					(10,2,'Видача','08:00','17:00'),
					(10,3,'Видача','08:00','17:00'),
					(10,4,'Видача','08:00','17:00'),
					(10,5,'Видача','08:00','17:00'),
					(10,1,'Прийом','10:00','18:00'),
					(10,2,'Прийом','10:00','18:00'),
					(10,3,'Прийом','10:00','18:00'),
					(10,4,'Прийом','10:00','18:00'),
					(10,5,'Прийом','10:00','18:00');
GO

INSERT INTO client(id, city_id, street_name,street_number,
                   client_type, name, last_name, middle_name,
				   inn_code, passport,
				   ownership_type, edrpou_code,
				   telephone_number, email)
VALUES
				  (1,1,'Шевченка','12',
				  'фізособа','Ігор','Коропецький','Петрович',
				  '2422441134','КС000111',
				  NULL,NULL,
				  '+380975612244','ikor42@meta.ua'),

				  (2,3,'Франка','1',
				  'фізособа','Петро','Стасів','Олегович',
				  '5222441134','КМ000111',
				  NULL,NULL,
				  '+380971112344',NULL),

				  (3,4,'Стуса','2',
				  'фізособа','Андрій','Андропов','Тарасович',
				  '2662241134','КЕ000111',
				  NULL,NULL,
				  '+380971452244','ANDR@met.ua'),

				  (4,2,'Перемоги','126',
				  'фізособа','Таміла','Вишневська','Юріївна',
				  '2222341134','КГ000111',
				  NULL,NULL,
				  '+380976712244',NULL),

				  (5,5,'Вашингтона','192',
				  'фізособа','Рожден','Київський','Васильович',
				  '7222441134','ТС000111',
				  NULL,NULL,
				  '+380971752244','rozhden@i.ua'),

				  (6,7,'Броварська','592',
				  'юрособа','Пролісок',NULL,NULL,
				  NULL,NULL,
				  'ТОВ','22331112',
				  '+380971652244','prolisok@gmail.com'),

				  (7,6,'Вітрова','59',
				  'юрособа','Дзвін',NULL,NULL,
				  NULL,NULL,
				  'ТОВ','56336145',
				  '+380736652244','dzvin@gmail.com'),

				  (8,10,'Проїзна','145',
				  'юрособа','Старт',NULL,NULL,
				  NULL,NULL,
				  'ПрАТ','72311167',
				  '+380961452744','start@gmail.com'),

				  (9,8,'Довбуша','56',
				  'юрособа','Ламела',NULL,NULL,
				  NULL,NULL,
				  'ТОВ','54331143',
				  '+380671352244','lamela@gmail.com'),

				  (10,9,'Потапова','92',
				  'юрособа','Факро',NULL,NULL,
				  NULL,NULL,
				  'ПрАТ','92351189',
				  '+380501552944','fakro@gmail.com');
GO

INSERT INTO bank (id, edrpou_code, full_name)
VALUES
                 ('305299','14360570','АТ КБ «ПРИВАТБАНК»'),
				 ('300528','21685166','АТ «ОТП БАНК»'),
				 ('300335','14305909','«АВАЛь БАНК»'),
				 ('325365','09807862','ПАТ "КРЕДОБАНК"');
 GO

 INSERT INTO bank_account(client_id, bank_id, number)
 VALUES
                         (6,'305299','2245327643561'),
						 (7,'300528','2235637356432'),
						 (8,'305299','2245636734645'),
						 (9,'300335','225675434565'),
						 (10,'325365','2246434565444');
GO